INSERT [dbo].[LISTA_VALOR] ([ID_LISTA], [VALOR], [DESCRIPCION]) VALUES (N'APROBAR', N'FALSE', N'Desaprobar')
INSERT [dbo].[LISTA_VALOR] ([ID_LISTA], [VALOR], [DESCRIPCION]) VALUES (N'APROBAR', N'TRUE', N'Aprobar')
INSERT [dbo].[LISTA_VALOR] ([ID_LISTA], [VALOR], [DESCRIPCION]) VALUES (N'ESTADO_REQUISITO', N'CUMPLE', N'Cumple con este requisito')
INSERT [dbo].[LISTA_VALOR] ([ID_LISTA], [VALOR], [DESCRIPCION]) VALUES (N'ESTADO_REQUISITO', N'NOCUMPLE', N'No cumple con este requisito')
INSERT [dbo].[LISTA_VALOR] ([ID_LISTA], [VALOR], [DESCRIPCION]) VALUES (N'ESTADO_SANCION', N'ACTIVA', N'Sancion activa')
INSERT [dbo].[LISTA_VALOR] ([ID_LISTA], [VALOR], [DESCRIPCION]) VALUES (N'ESTADO_SANCION', N'ANULADA', N'Sancion anulada')
INSERT [dbo].[LISTA_VALOR] ([ID_LISTA], [VALOR], [DESCRIPCION]) VALUES (N'ESTADO_SANCION', N'PAGA', N'Sancion pagada')
INSERT [dbo].[LISTA_VALOR] ([ID_LISTA], [VALOR], [DESCRIPCION]) VALUES (N'ESTADO_TARJETA', N'ACTIVA', N'La tarjeta se encuentra activa.')
INSERT [dbo].[LISTA_VALOR] ([ID_LISTA], [VALOR], [DESCRIPCION]) VALUES (N'ESTADO_TARJETA', N'AVERIADA', N'La tarjeta se encuentra averiada.')
INSERT [dbo].[LISTA_VALOR] ([ID_LISTA], [VALOR], [DESCRIPCION]) VALUES (N'ESTADO_TARJETA', N'EXTRAVIADA', N'La tarjeta se encuentra extraviada.')
INSERT [dbo].[LISTA_VALOR] ([ID_LISTA], [VALOR], [DESCRIPCION]) VALUES (N'ESTADO_TARJETA', N'INACTIVA', N'La tarjeta no ha sido activada.')
INSERT [dbo].[LISTA_VALOR] ([ID_LISTA], [VALOR], [DESCRIPCION]) VALUES (N'ESTADO_TARJETA', N'INVALIDA', N'La tarjeta se encuentra temporalmente invalida.')
INSERT [dbo].[LISTA_VALOR] ([ID_LISTA], [VALOR], [DESCRIPCION]) VALUES (N'ESTADO_TARJETA', N'VENCIDA', N'La tarjeta se encuentra vencida.')
INSERT [dbo].[LISTA_VALOR] ([ID_LISTA], [VALOR], [DESCRIPCION]) VALUES (N'GENERO', N'F', N'Femenino')
INSERT [dbo].[LISTA_VALOR] ([ID_LISTA], [VALOR], [DESCRIPCION]) VALUES (N'GENERO', N'M', N'Masculino')
INSERT [dbo].[LISTA_VALOR] ([ID_LISTA], [VALOR], [DESCRIPCION]) VALUES (N'GENERO', N'O', N'Otro')
INSERT [dbo].[LISTA_VALOR] ([ID_LISTA], [VALOR], [DESCRIPCION]) VALUES (N'TIPO_ESTACIONAMIENTO', N'BUSES', N'Buses')
INSERT [dbo].[LISTA_VALOR] ([ID_LISTA], [VALOR], [DESCRIPCION]) VALUES (N'TIPO_ESTACIONAMIENTO', N'PASAJEROS', N'Pasajeros')
INSERT [dbo].[LISTA_VALOR] ([ID_LISTA], [VALOR], [DESCRIPCION]) VALUES (N'TIPO_NOTIFICACION', N'MAIL', N'Correo Electronico')
INSERT [dbo].[LISTA_VALOR] ([ID_LISTA], [VALOR], [DESCRIPCION]) VALUES (N'TIPO_NOTIFICACION', N'SMS', N'Mensaje de Texto')
INSERT [dbo].[LISTA_VALOR] ([ID_LISTA], [VALOR], [DESCRIPCION]) VALUES (N'TIPO_SANCION', N'BANNEO', N'Banneo de la aplicacion')
INSERT [dbo].[LISTA_VALOR] ([ID_LISTA], [VALOR], [DESCRIPCION]) VALUES (N'TIPO_SANCION', N'MONETARIA', N'Sancion monetaria')
INSERT [dbo].[LISTA_VALOR] ([ID_LISTA], [VALOR], [DESCRIPCION]) VALUES (N'TIPO_TRANSACCION', N'COMPRA_TARJETA', N'Compra de una tarjeta')
INSERT [dbo].[LISTA_VALOR] ([ID_LISTA], [VALOR], [DESCRIPCION]) VALUES (N'TIPO_TRANSACCION', N'PAGO_PASAJE', N'Pago de pasaje de bus')
INSERT [dbo].[LISTA_VALOR] ([ID_LISTA], [VALOR], [DESCRIPCION]) VALUES (N'TIPO_TRANSACCION', N'PAGO_SANCION', N'Pago de una sanción')
INSERT [dbo].[LISTA_VALOR] ([ID_LISTA], [VALOR], [DESCRIPCION]) VALUES (N'TIPO_TRANSACCION', N'RECARGA_TARJETA', N'Recarga de una tarjeta')
INSERT [dbo].[MENSAJE] ([ID], [MENSAJE]) VALUES (0, N'Imposible realizar la operacion solicitada, contacte a soporte tecnico para mayor asistencia.')
INSERT [dbo].[MENSAJE] ([ID], [MENSAJE]) VALUES (1, N'Ya existe un registro en el sistema con el mismo identificador.')
INSERT [dbo].[MENSAJE] ([ID], [MENSAJE]) VALUES (2, N'Los siguentes campos son requeridos para la operacion')
INSERT [dbo].[MENSAJE] ([ID], [MENSAJE]) VALUES (3, N'El objeto que intenta actualizar no existe en el sistema')
INSERT [dbo].[MENSAJE] ([ID], [MENSAJE]) VALUES (4, N'Imposible eliminar un objeto que no existe')
INSERT [dbo].[MENSAJE] ([ID], [MENSAJE]) VALUES (5, N'El correo electrónico o contraseña ingresados son incorrectos.')
INSERT [dbo].[MENSAJE] ([ID], [MENSAJE]) VALUES (6, N'El usuario solicitado no existe')
INSERT [dbo].[MENSAJE] ([ID], [MENSAJE]) VALUES (7, N'El porcentaje no puede ser menor a 1 o mayor a 100')
INSERT [dbo].[MENSAJE] ([ID], [MENSAJE]) VALUES (8, N'La tarjeta esta asignada a otro usuario')
INSERT [dbo].[MENSAJE] ([ID], [MENSAJE]) VALUES (9, N'El numero ingresado no pertenece a ninguna tarjeta en el sistema')
INSERT [dbo].[MENSAJE] ([ID], [MENSAJE]) VALUES (10, N'La tarjeta ya ha sido activada anteriormente')
INSERT [dbo].[MENSAJE] ([ID], [MENSAJE]) VALUES (11, N'Debe asignar algun permiso a un rol')
INSERT [dbo].[MENSAJE] ([ID], [MENSAJE]) VALUES (12, N'Debe incluir una imagen')
INSERT [dbo].[MENSAJE] ([ID], [MENSAJE]) VALUES (13, N'Formato de imagen incorrecto (Admitido ".jpg .gif .png")')
INSERT [dbo].[MENSAJE] ([ID], [MENSAJE]) VALUES (14, N'La imagen no puede superar 1MB')
INSERT [dbo].[MENSAJE] ([ID], [MENSAJE]) VALUES (15, N'La imagen es invalida')
INSERT [dbo].[MENSAJE] ([ID], [MENSAJE]) VALUES (16, N'Debe incluir el id de usuario')
INSERT [dbo].[MENSAJE] ([ID], [MENSAJE]) VALUES (17, N'La clave no puede ser igual a las 6 anteriores')
INSERT [dbo].[MENSAJE] ([ID], [MENSAJE]) VALUES (18, N'La clave no respeta el formato requerido')
INSERT [dbo].[MENSAJE] ([ID], [MENSAJE]) VALUES (19, N'La clave actual es incorrecta')
INSERT [dbo].[MENSAJE] ([ID], [MENSAJE]) VALUES (20, N'El pago fue rechazado')
INSERT [dbo].[MENSAJE] ([ID], [MENSAJE]) VALUES (21, N'El usuario ya posee una tarjeta del tipo escogido en esta terminal')
INSERT [dbo].[MENSAJE] ([ID], [MENSAJE]) VALUES (22, N'Imposible encontrar la tarjeta en el sistema')
INSERT [dbo].[MENSAJE] ([ID], [MENSAJE]) VALUES (23, N'El encargado no existe')
INSERT [dbo].[MENSAJE] ([ID], [MENSAJE]) VALUES (24, N'El usuario no es un encargado')
INSERT [dbo].[MENSAJE] ([ID], [MENSAJE]) VALUES (25, N'El encargado ya esta asignado a una terminal')
INSERT [dbo].[MENSAJE] ([ID], [MENSAJE]) VALUES (26, N'La terminal no existe')
INSERT [dbo].[MENSAJE] ([ID], [MENSAJE]) VALUES (27, N'La empresa de buses no existe')
INSERT [dbo].[MENSAJE] ([ID], [MENSAJE]) VALUES (28, N'No se ha ingresado el id del usuario')
INSERT [dbo].[MENSAJE] ([ID], [MENSAJE]) VALUES (29, N'No existe un usuario con ese ID')
INSERT [dbo].[MENSAJE] ([ID], [MENSAJE]) VALUES (30, N'No se ingreso un monto valido')
INSERT [dbo].[MENSAJE] ([ID], [MENSAJE]) VALUES (31, N'No hay un hay tarjeta con ese Id de usuario')
INSERT [dbo].[MENSAJE] ([ID], [MENSAJE]) VALUES (32, N'No es un ususario Juridico')
INSERT [dbo].[MENSAJE] ([ID], [MENSAJE]) VALUES (33, N'No hay un hay tarjeta con ese Id de usuario')
INSERT [dbo].[MENSAJE] ([ID], [MENSAJE]) VALUES (34, N'El monto ingresado es insuficiente')
INSERT [dbo].[MENSAJE] ([ID], [MENSAJE]) VALUES (35, N'No me envio la cedula de la empresa')
INSERT [dbo].[MENSAJE] ([ID], [MENSAJE]) VALUES (36, N'Esta empresa no existe ')
INSERT [dbo].[MENSAJE] ([ID], [MENSAJE]) VALUES (37, N'No se envio el id de la rampa de salida')
INSERT [dbo].[MENSAJE] ([ID], [MENSAJE]) VALUES (38, N'Esta rampa no existe')

INSERT [dbo].[CONFIGURACION] ([CODIGO], [DESCRIPCION], [VALOR]) VALUES (N'ALLOWED_FILE_EXTENSIONS', N'Formatos de imagen permitidos', N'.jpg,.gif,.png')
INSERT [dbo].[CONFIGURACION] ([CODIGO], [DESCRIPCION], [VALOR]) VALUES (N'IVA', N'Impuesto de valor agregado', N'5')
INSERT [dbo].[CONFIGURACION] ([CODIGO], [DESCRIPCION], [VALOR]) VALUES (N'MAX_CONTENT_LENGTH', N'Tamaño de imagen máximo', N'1048576')
INSERT [dbo].[CONFIGURACION] ([CODIGO], [DESCRIPCION], [VALOR]) VALUES (N'TARJETA_MINIMO', N'Valor minimo de las tarjetas en el sistema', N'3000')
INSERT [dbo].[CONFIGURACION] ([CODIGO], [DESCRIPCION], [VALOR]) VALUES (N'TARJETA_VENCIMIENTO', N'Dias para vencimiento', N'365')


SET IDENTITY_INSERT [dbo].[TRANSACCION] OFF
SET IDENTITY_INSERT [dbo].[PERMISO] ON 
INSERT [dbo].[PERMISO] ([ID], [NOMBRE], [ICONO], [ACCION], [ORDEN]) VALUES (2, N'Usuarios', N'fas fa-users', N'CRUD/Usuario', 3)
INSERT [dbo].[PERMISO] ([ID], [NOMBRE], [ICONO], [ACCION], [ORDEN]) VALUES (4, N'Permisos', N'fas fa-unlock-alt', N'CRUD/Permiso', 5)
INSERT [dbo].[PERMISO] ([ID], [NOMBRE], [ICONO], [ACCION], [ORDEN]) VALUES (5, N'Terminales', N'fas fa-terminal', N'CRUD/Terminal', 12)
INSERT [dbo].[PERMISO] ([ID], [NOMBRE], [ICONO], [ACCION], [ORDEN]) VALUES (7, N'Tarjetas', N'fas fa-address-card', N'CRUD/Tarjeta', 6)
INSERT [dbo].[PERMISO] ([ID], [NOMBRE], [ICONO], [ACCION], [ORDEN]) VALUES (8, N'Tipos de Tarjeta', N'fab fa-buromobelexperte', N'CRUD/TipoTarjeta', 7)
INSERT [dbo].[PERMISO] ([ID], [NOMBRE], [ICONO], [ACCION], [ORDEN]) VALUES (9, N'Roles', N'fas fa-key', N'CRUD/Rol', 4)
INSERT [dbo].[PERMISO] ([ID], [NOMBRE], [ICONO], [ACCION], [ORDEN]) VALUES (10, N'Quejas', N'fas fa-info-circle', N'CRUD/Queja', 8)
INSERT [dbo].[PERMISO] ([ID], [NOMBRE], [ICONO], [ACCION], [ORDEN]) VALUES (14, N'Sanciones', N'fas fa-bullhorn', N'CRUD/Sancion', 9)
INSERT [dbo].[PERMISO] ([ID], [NOMBRE], [ICONO], [ACCION], [ORDEN]) VALUES (36, N'Buses', N'fas fa-bus', N'CRUD/Buses', 10)
INSERT [dbo].[PERMISO] ([ID], [NOMBRE], [ICONO], [ACCION], [ORDEN]) VALUES (37, N'Asignar empresas a terminal', N'fas fa-chevron-right', N'Asignacion/Empresa', 13)
INSERT [dbo].[PERMISO] ([ID], [NOMBRE], [ICONO], [ACCION], [ORDEN]) VALUES (38, N'Asignacion Buses Horarios', N'far fa-calendar-alt', N'Asignacion/Bus', 14)
INSERT [dbo].[PERMISO] ([ID], [NOMBRE], [ICONO], [ACCION], [ORDEN]) VALUES (39, N'Compra de tarjetas', N'far fa-credit-card', N'Compra/Tarjeta', 1)
INSERT [dbo].[PERMISO] ([ID], [NOMBRE], [ICONO], [ACCION], [ORDEN]) VALUES (40, N'Mis Transacciones', N'far fa-money-bill-alt', N'Lista/Transacciones', 2)
INSERT [dbo].[PERMISO] ([ID], [NOMBRE], [ICONO], [ACCION], [ORDEN]) VALUES (41, N'Registrar Empleados', N'fas fa-user-plus', N'Usuario/RegistrarEmpleado', 3)
INSERT [dbo].[PERMISO] ([ID], [NOMBRE], [ICONO], [ACCION], [ORDEN]) VALUES (42, N'Requisitos', N'fas fa-clipboard-list', N'Crud/Requsitos', 10)

SET IDENTITY_INSERT [dbo].[PERMISO] OFF 
INSERT [dbo].[ROL] ([ID], [NOMBRE], [DESCRIPCION]) VALUES (N'ADMIN', N'Administrador', N'Usuario de potestad total')
INSERT [dbo].[ROL] ([ID], [NOMBRE], [DESCRIPCION]) VALUES (N'CHOFER', N'Chofer', N'Chofer de buses')
INSERT [dbo].[ROL] ([ID], [NOMBRE], [DESCRIPCION]) VALUES (N'ENCARGADO_EMPRESA', N'Encargado Empresa Bus', N'Encargado de una empresa de buses')
INSERT [dbo].[ROL] ([ID], [NOMBRE], [DESCRIPCION]) VALUES (N'ENCARGADO_TERMINAL', N'Encargado Terminal', N'Encargado de una terminal')
INSERT [dbo].[ROL] ([ID], [NOMBRE], [DESCRIPCION]) VALUES (N'JURIDICO', N'Usuario Juridico', N'Usuario de convenios juridicos')
INSERT [dbo].[ROL] ([ID], [NOMBRE], [DESCRIPCION]) VALUES (N'PASAJERO', N'Pasajero', N'Pasajero de buses')
INSERT [dbo].[ROL] ([ID], [NOMBRE], [DESCRIPCION]) VALUES (N'VENTANILLA', N'Administrador', N'Encargado de ventas')


INSERT [dbo].[ROLES_PERMISOS] ([ID_ROL], [ID_PERMISO]) VALUES (N'ENCARGADO_EMPRESA', 9)
INSERT [dbo].[ROLES_PERMISOS] ([ID_ROL], [ID_PERMISO]) VALUES (N'ENCARGADO_EMPRESA', 40)
INSERT [dbo].[ROLES_PERMISOS] ([ID_ROL], [ID_PERMISO]) VALUES (N'ENCARGADO_EMPRESA', 36)
INSERT [dbo].[ROLES_PERMISOS] ([ID_ROL], [ID_PERMISO]) VALUES (N'ENCARGADO_EMPRESA', 38)
INSERT [dbo].[ROLES_PERMISOS] ([ID_ROL], [ID_PERMISO]) VALUES (N'ENCARGADO_EMPRESA', 42)

INSERT [dbo].[ROLES_PERMISOS] ([ID_ROL], [ID_PERMISO]) VALUES (N'ADMIN', 2)
INSERT [dbo].[ROLES_PERMISOS] ([ID_ROL], [ID_PERMISO]) VALUES (N'ADMIN', 4)
INSERT [dbo].[ROLES_PERMISOS] ([ID_ROL], [ID_PERMISO]) VALUES (N'ADMIN', 5)
INSERT [dbo].[ROLES_PERMISOS] ([ID_ROL], [ID_PERMISO]) VALUES (N'ADMIN', 7)
INSERT [dbo].[ROLES_PERMISOS] ([ID_ROL], [ID_PERMISO]) VALUES (N'ADMIN', 8)
INSERT [dbo].[ROLES_PERMISOS] ([ID_ROL], [ID_PERMISO]) VALUES (N'ADMIN', 9)
INSERT [dbo].[ROLES_PERMISOS] ([ID_ROL], [ID_PERMISO]) VALUES (N'ADMIN', 10)
INSERT [dbo].[ROLES_PERMISOS] ([ID_ROL], [ID_PERMISO]) VALUES (N'ADMIN', 14)
INSERT [dbo].[ROLES_PERMISOS] ([ID_ROL], [ID_PERMISO]) VALUES (N'ADMIN', 36)
INSERT [dbo].[ROLES_PERMISOS] ([ID_ROL], [ID_PERMISO]) VALUES (N'ADMIN', 37)
INSERT [dbo].[ROLES_PERMISOS] ([ID_ROL], [ID_PERMISO]) VALUES (N'ADMIN', 38)
INSERT [dbo].[ROLES_PERMISOS] ([ID_ROL], [ID_PERMISO]) VALUES (N'ADMIN', 39)
INSERT [dbo].[ROLES_PERMISOS] ([ID_ROL], [ID_PERMISO]) VALUES (N'ADMIN', 40)
INSERT [dbo].[ROLES_PERMISOS] ([ID_ROL], [ID_PERMISO]) VALUES (N'ADMIN', 41)
INSERT [dbo].[ROLES_PERMISOS] ([ID_ROL], [ID_PERMISO]) VALUES (N'ADMIN', 42)

INSERT [dbo].[ROLES_PERMISOS] ([ID_ROL], [ID_PERMISO]) VALUES (N'CHOFER', 40)
INSERT [dbo].[ROLES_PERMISOS] ([ID_ROL], [ID_PERMISO]) VALUES (N'PASAJERO', 40)
INSERT [dbo].[ROLES_PERMISOS] ([ID_ROL], [ID_PERMISO]) VALUES (N'ENCARGADO_TERMINAL', 14)
INSERT [dbo].[ROLES_PERMISOS] ([ID_ROL], [ID_PERMISO]) VALUES (N'ENCARGADO_TERMINAL', 7)
INSERT [dbo].[ROLES_PERMISOS] ([ID_ROL], [ID_PERMISO]) VALUES (N'ENCARGADO_TERMINAL', 8)
INSERT [dbo].[ROLES_PERMISOS] ([ID_ROL], [ID_PERMISO]) VALUES (N'ENCARGADO_TERMINAL', 9)
INSERT [dbo].[ROLES_PERMISOS] ([ID_ROL], [ID_PERMISO]) VALUES (N'ENCARGADO_TERMINAL', 37)
INSERT [dbo].[ROLES_PERMISOS] ([ID_ROL], [ID_PERMISO]) VALUES (N'ENCARGADO_TERMINAL', 39)
INSERT [dbo].[ROLES_PERMISOS] ([ID_ROL], [ID_PERMISO]) VALUES (N'ENCARGADO_TERMINAL', 40)
INSERT [dbo].[ROLES_PERMISOS] ([ID_ROL], [ID_PERMISO]) VALUES (N'ENCARGADO_TERMINAL', 41)

INSERT [dbo].[TIPO_TARJETA] ([ID], [NOMBRE], [BENEFICIO]) VALUES (N'BASICO', N'Basico', 1)
INSERT [dbo].[TIPO_TARJETA] ([ID], [NOMBRE], [BENEFICIO]) VALUES (N'ESPECIAL', N'Especial', 100)
INSERT [dbo].[TIPO_TARJETA] ([ID], [NOMBRE], [BENEFICIO]) VALUES (N'ESTUDIANTE', N'Estudiantes', 35)
INSERT [dbo].[TIPO_TARJETA] ([ID], [NOMBRE], [BENEFICIO]) VALUES (N'TURISTA', N'Turistas', 25)

INSERT [dbo].[TERMINAL] ([CEDULA_JUR], [NOMBRE], [DIRECCION], [LAT], [LONG], [TELEFONO], [CORREO], [ESTADO]) VALUES (N'1-9010-19209', N'Antigua Estacion de Trene', N'Antigua Estacion de Trenes del Pacifico', 9.92554680000001, -84.08056854232791, N'+506 7020-0902', N'sur@laterminal.co.cr', 1)

INSERT [dbo].[USUARIO] ([IDENTIFICACION], [ID_ROL], [ID_EMPRESA_BUS], [ID_TERMINAL], [FOTO], [PNOMBRE], [SNOMBRE], [PAPELLIDO], [SAPELLIDO], [GENERO], [FECHA_NAC], [TELEFONO], [CORREO], [DIRECCION], [CLAVE], [FIRST_TIME], [APPROVED]) VALUES (N'1-8563-7421', N'ENCARGADO_TERMINAL', NULL, N'1-9010-19209', N'', N'Denis', N'', N'Salmeron', N'', N'M', CAST(N'1998-01-01T00:00:00.000' AS DateTime), N'88888888', N'dsalmerono@ucenfotec.ac.cr', N'San Jose', N'06e463199c9621e2f46b31c0aff3e75c', 0, NULL)
INSERT [dbo].[USUARIO] ([IDENTIFICACION], [ID_ROL], [ID_EMPRESA_BUS], [ID_TERMINAL], [FOTO], [PNOMBRE], [SNOMBRE], [PAPELLIDO], [SAPELLIDO], [GENERO], [FECHA_NAC], [TELEFONO], [CORREO], [DIRECCION], [CLAVE], [FIRST_TIME], [APPROVED]) VALUES (N'admin', N'ADMIN', NULL, NULL, N'C:\TERMINAL\API\App_Data\Images\user\admin.png', N'Gary', N'Andrey', N'Valverde', N'Hampton', N'M', CAST(N'1997-07-09T00:00:00.000' AS DateTime), N'86013609', N'gary@spotme.com', N'San Sebastian, San Jose, Costa Rica', N'06e463199c9621e2f46b31c0aff3e75c', 0, NULL)
INSERT [dbo].[USUARIO] ([IDENTIFICACION], [ID_ROL], [ID_EMPRESA_BUS], [ID_TERMINAL], [FOTO], [PNOMBRE], [SNOMBRE], [PAPELLIDO], [SAPELLIDO], [GENERO], [FECHA_NAC], [TELEFONO], [CORREO], [DIRECCION], [CLAVE], [FIRST_TIME], [APPROVED]) VALUES (N'1-3232-1245', N'CHOFER', NULL, N'1-9010-19209', N'', N'Juan', N'', N'Peralta', N'', N'M', CAST(N'1978-04-01T00:00:00.000' AS DateTime), N'88888888', N'juan@laterminal.cr', N'San Jose', N'06e463199c9621e2f46b31c0aff3e75c', 0, NULL)

INSERT [dbo].[USUARIO] ([IDENTIFICACION], [ID_ROL], [ID_EMPRESA_BUS], [ID_TERMINAL], [FOTO], [PNOMBRE], [SNOMBRE], [PAPELLIDO], [SAPELLIDO], [GENERO], [FECHA_NAC], [TELEFONO], [CORREO], [DIRECCION], [CLAVE], [FIRST_TIME], [APPROVED]) VALUES (N'1-4323-3222', N'ENCARGADO_EMPRESA', N'1-9812-7865', NULL, N'', N'Maria', N'', N'Rivera', N'', N'F', CAST(N'1978-04-01T00:00:00.000' AS DateTime), N'88888888', N'mriveram@ucenfotec.ac.cr', N'San Jose', N'06e463199c9621e2f46b31c0aff3e75c', 0, NULL)


INSERT [dbo].[EMPRESA_BUS] ([CEDULA_JUR], [LOGO], [CODIGO], [NOMBRE], [TELEFONO], [CORREO], [ESTADO]) VALUES (N'1-9812-7865', NULL, N'654598712', N'La400', N'40984587', N'la400@gmail.com', NULL)
INSERT [dbo].[EMPRESA_BUS] ([CEDULA_JUR], [LOGO], [CODIGO], [NOMBRE], [TELEFONO], [CORREO], [ESTADO]) VALUES (N'1-1298-7832', NULL, N'126578984', N'Transnuñez', N'22784512', N'transnunez@gmail.com', NULL)
INSERT [dbo].[EMPRESA_BUS] ([CEDULA_JUR], [LOGO], [CODIGO], [NOMBRE], [TELEFONO], [CORREO], [ESTADO]) VALUES (N'1-1946-7345', NULL, N'321549785', N'Daewoo Bus', N'22457898', N'daewoobus@gmail.com', NULL)
INSERT [dbo].[EMPRESA_BUS] ([CEDULA_JUR], [LOGO], [CODIGO], [NOMBRE], [TELEFONO], [CORREO], [ESTADO]) VALUES (N'1-1973-4682', NULL, N'748596748', N'Samtec Costa Rica', N'40659878', N'Samtec@gmail.com', NULL)
INSERT [dbo].[EMPRESA_BUS] ([CEDULA_JUR], [LOGO], [CODIGO], [NOMBRE], [TELEFONO], [CORREO], [ESTADO]) VALUES (N'1-4567-1234', NULL, N'456789545', N'Transtusa', N'22242106', N'transtusa@gmail.com', NULL)
INSERT [dbo].[EMPRESA_BUS] ([CEDULA_JUR], [LOGO], [CODIGO], [NOMBRE], [TELEFONO], [CORREO], [ESTADO]) VALUES (N'1-4598-1245', NULL, N'798465123', N'Deldu', N'22984578', N'deldu@gmail.com', NULL)
INSERT [dbo].[EMPRESA_BUS] ([CEDULA_JUR], [LOGO], [CODIGO], [NOMBRE], [TELEFONO], [CORREO], [ESTADO]) VALUES (N'1-5263-4152', NULL, N'415274859', N'Atenas', N'22654578', N'atenas@gmail.com', NULL)
INSERT [dbo].[EMPRESA_BUS] ([CEDULA_JUR], [LOGO], [CODIGO], [NOMBRE], [TELEFONO], [CORREO], [ESTADO]) VALUES (N'1-7894-6541', NULL, N'988765412', N'Transportes Araya', N'40097845', N'araya@gmail.com', NULL)
INSERT [dbo].[EMPRESA_BUS] ([CEDULA_JUR], [LOGO], [CODIGO], [NOMBRE], [TELEFONO], [CORREO], [ESTADO]) VALUES (N'1-7946-3146', NULL, N'749685145', N'Tracopa', N'22657898', N'tracopa@gmail.com', NULL)
INSERT [dbo].[EMPRESA_BUS] ([CEDULA_JUR], [LOGO], [CODIGO], [NOMBRE], [TELEFONO], [CORREO], [ESTADO]) VALUES (N'1-9874-4561', NULL, N'123789456', N'Marvi', N'22247918', N'marvi@gmail.com', NULL)
INSERT [dbo].[EMPRESA_BUS] ([CEDULA_JUR], [LOGO], [CODIGO], [NOMBRE], [TELEFONO], [CORREO], [ESTADO]) VALUES (N'1-9874-6547', NULL, N'123456789', N'Cemag', N'22242106', N'cemag@gmail.com', NULL)

INSERT [dbo].[BUS] ([NUMERO_PLACA], [ID_EMPRESA_BUS], [ID_CHOFER], [NUMERO_UNIDAD], [MARCA], [MODELO], [CAPACIDAD], [ESPACIOS_DISCAPACITADOS], [ESTADO]) VALUES (N'78945612', N'1-4567-1234', N'1-3232-1245', N'B-02', N'Volvo', N'2015', 20, 2, 1)
INSERT [dbo].[BUS] ([NUMERO_PLACA], [ID_EMPRESA_BUS], [ID_CHOFER], [NUMERO_UNIDAD], [MARCA], [MODELO], [CAPACIDAD], [ESPACIOS_DISCAPACITADOS], [ESTADO]) VALUES (N'98765412', N'1-4567-1234', N'1-3232-1245', N'B-01', N'Mercedes-Benz', N'Marco-polo', 70, -1, 1)
INSERT [dbo].[BUS] ([NUMERO_PLACA], [ID_EMPRESA_BUS], [ID_CHOFER], [NUMERO_UNIDAD], [MARCA], [MODELO], [CAPACIDAD], [ESPACIOS_DISCAPACITADOS], [ESTADO]) VALUES (N'ASD-006', N'1-1298-7832', NULL, N'01', N'Mercedes-Benz', N'Marco-polo', 58, 10, NULL)
INSERT [dbo].[BUS] ([NUMERO_PLACA], [ID_EMPRESA_BUS], [ID_CHOFER], [NUMERO_UNIDAD], [MARCA], [MODELO], [CAPACIDAD], [ESPACIOS_DISCAPACITADOS], [ESTADO]) VALUES (N'ASD-654', N'1-1946-7345', NULL, N'01', N'Mercedes-Benz', N'Marco-polo', 70, 15, NULL)
INSERT [dbo].[BUS] ([NUMERO_PLACA], [ID_EMPRESA_BUS], [ID_CHOFER], [NUMERO_UNIDAD], [MARCA], [MODELO], [CAPACIDAD], [ESPACIOS_DISCAPACITADOS], [ESTADO]) VALUES (N'ASL-154', N'1-4567-1234', NULL, N'04', N'Mercedes-Benz', N'Marco-polo', 30, 5, NULL)
INSERT [dbo].[BUS] ([NUMERO_PLACA], [ID_EMPRESA_BUS], [ID_CHOFER], [NUMERO_UNIDAD], [MARCA], [MODELO], [CAPACIDAD], [ESPACIOS_DISCAPACITADOS], [ESTADO]) VALUES (N'BNC-268', N'1-1973-4682', NULL, N'01', N'Mercedes-Benz', N'Marco-polo', 70, 15, NULL)
INSERT [dbo].[BUS] ([NUMERO_PLACA], [ID_EMPRESA_BUS], [ID_CHOFER], [NUMERO_UNIDAD], [MARCA], [MODELO], [CAPACIDAD], [ESPACIOS_DISCAPACITADOS], [ESTADO]) VALUES (N'CLD-155', N'1-4567-1234', NULL, N'01', N'Mercedes-Benz', N'Marco-polo', 70, 15, NULL)
INSERT [dbo].[BUS] ([NUMERO_PLACA], [ID_EMPRESA_BUS], [ID_CHOFER], [NUMERO_UNIDAD], [MARCA], [MODELO], [CAPACIDAD], [ESPACIOS_DISCAPACITADOS], [ESTADO]) VALUES (N'DFE-001', N'1-1298-7832', NULL, N'01', N'Mercedes-Benz', N'Marco-polo', 70, 15, NULL)
INSERT [dbo].[BUS] ([NUMERO_PLACA], [ID_EMPRESA_BUS], [ID_CHOFER], [NUMERO_UNIDAD], [MARCA], [MODELO], [CAPACIDAD], [ESPACIOS_DISCAPACITADOS], [ESTADO]) VALUES (N'DSD-987', N'1-4567-1234', NULL, N'03', N'Daewoo', N'Marco-polo', 52, 8, NULL)
INSERT [dbo].[BUS] ([NUMERO_PLACA], [ID_EMPRESA_BUS], [ID_CHOFER], [NUMERO_UNIDAD], [MARCA], [MODELO], [CAPACIDAD], [ESPACIOS_DISCAPACITADOS], [ESTADO]) VALUES (N'ERT-002', N'1-1298-7832', NULL, N'01', N'Volvo', N'Marco-polo', 45, 5, NULL)
INSERT [dbo].[BUS] ([NUMERO_PLACA], [ID_EMPRESA_BUS], [ID_CHOFER], [NUMERO_UNIDAD], [MARCA], [MODELO], [CAPACIDAD], [ESPACIOS_DISCAPACITADOS], [ESTADO]) VALUES (N'GFH-487', N'1-1946-7345', NULL, N'03', N'Daewoo', N'Marco-polo', 52, 8, NULL)
INSERT [dbo].[BUS] ([NUMERO_PLACA], [ID_EMPRESA_BUS], [ID_CHOFER], [NUMERO_UNIDAD], [MARCA], [MODELO], [CAPACIDAD], [ESPACIOS_DISCAPACITADOS], [ESTADO]) VALUES (N'KJH-482', N'1-1946-7345', NULL, N'04', N'Mercedes-Benz', N'Marco-polo', 30, 5, NULL)
INSERT [dbo].[BUS] ([NUMERO_PLACA], [ID_EMPRESA_BUS], [ID_CHOFER], [NUMERO_UNIDAD], [MARCA], [MODELO], [CAPACIDAD], [ESPACIOS_DISCAPACITADOS], [ESTADO]) VALUES (N'LCD-489', N'1-4567-1234', NULL, N'02', N'Volvo', N'Marco-polo', 45, 5, NULL)
INSERT [dbo].[BUS] ([NUMERO_PLACA], [ID_EMPRESA_BUS], [ID_CHOFER], [NUMERO_UNIDAD], [MARCA], [MODELO], [CAPACIDAD], [ESPACIOS_DISCAPACITADOS], [ESTADO]) VALUES (N'ÑLK-487', N'1-1973-4682', NULL, N'02', N'Volvo', N'Marco-polo', 45, 5, NULL)
INSERT [dbo].[BUS] ([NUMERO_PLACA], [ID_EMPRESA_BUS], [ID_CHOFER], [NUMERO_UNIDAD], [MARCA], [MODELO], [CAPACIDAD], [ESPACIOS_DISCAPACITADOS], [ESTADO]) VALUES (N'PAS-457', N'1-1973-4682', NULL, N'03', N'Daewoo', N'Marco-polo', 52, 8, NULL)
INSERT [dbo].[BUS] ([NUMERO_PLACA], [ID_EMPRESA_BUS], [ID_CHOFER], [NUMERO_UNIDAD], [MARCA], [MODELO], [CAPACIDAD], [ESPACIOS_DISCAPACITADOS], [ESTADO]) VALUES (N'POI-987', N'1-1946-7345', NULL, N'05', N'Mercedes-Benz', N'Marco-polo', 61, 10, NULL)
INSERT [dbo].[BUS] ([NUMERO_PLACA], [ID_EMPRESA_BUS], [ID_CHOFER], [NUMERO_UNIDAD], [MARCA], [MODELO], [CAPACIDAD], [ESPACIOS_DISCAPACITADOS], [ESTADO]) VALUES (N'POS-468', N'1-1973-4682', NULL, N'05', N'Mercedes-Benz', N'Marco-polo', 61, 10, NULL)
INSERT [dbo].[BUS] ([NUMERO_PLACA], [ID_EMPRESA_BUS], [ID_CHOFER], [NUMERO_UNIDAD], [MARCA], [MODELO], [CAPACIDAD], [ESPACIOS_DISCAPACITADOS], [ESTADO]) VALUES (N'QWE-005', N'1-1298-7832', NULL, N'01', N'Mercedes-Benz', N'Marco-polo', 61, 10, NULL)
INSERT [dbo].[BUS] ([NUMERO_PLACA], [ID_EMPRESA_BUS], [ID_CHOFER], [NUMERO_UNIDAD], [MARCA], [MODELO], [CAPACIDAD], [ESPACIOS_DISCAPACITADOS], [ESTADO]) VALUES (N'QWM-689', N'1-1973-4682', NULL, N'04', N'Mercedes-Benz', N'Marco-polo', 30, 5, NULL)
INSERT [dbo].[BUS] ([NUMERO_PLACA], [ID_EMPRESA_BUS], [ID_CHOFER], [NUMERO_UNIDAD], [MARCA], [MODELO], [CAPACIDAD], [ESPACIOS_DISCAPACITADOS], [ESTADO]) VALUES (N'SDW-142', N'1-1973-4682', NULL, N'06', N'Mercedes-Benz', N'Marco-polo', 58, 10, NULL)
INSERT [dbo].[BUS] ([NUMERO_PLACA], [ID_EMPRESA_BUS], [ID_CHOFER], [NUMERO_UNIDAD], [MARCA], [MODELO], [CAPACIDAD], [ESPACIOS_DISCAPACITADOS], [ESTADO]) VALUES (N'SLI-456', N'1-4567-1234', NULL, N'06', N'Mercedes-Benz', N'Marco-polo', 58, 10, NULL)
INSERT [dbo].[BUS] ([NUMERO_PLACA], [ID_EMPRESA_BUS], [ID_CHOFER], [NUMERO_UNIDAD], [MARCA], [MODELO], [CAPACIDAD], [ESPACIOS_DISCAPACITADOS], [ESTADO]) VALUES (N'SLO-654', N'1-4567-1234', NULL, N'05', N'Mercedes-Benz', N'Marco-polo', 61, 10, NULL)
INSERT [dbo].[BUS] ([NUMERO_PLACA], [ID_EMPRESA_BUS], [ID_CHOFER], [NUMERO_UNIDAD], [MARCA], [MODELO], [CAPACIDAD], [ESPACIOS_DISCAPACITADOS], [ESTADO]) VALUES (N'TRE-003', N'1-1298-7832', NULL, N'01', N'Daewoo', N'Marco-polo', 52, 8, NULL)
INSERT [dbo].[BUS] ([NUMERO_PLACA], [ID_EMPRESA_BUS], [ID_CHOFER], [NUMERO_UNIDAD], [MARCA], [MODELO], [CAPACIDAD], [ESPACIOS_DISCAPACITADOS], [ESTADO]) VALUES (N'UTR-004', N'1-1298-7832', NULL, N'01', N'Mercedes-Benz', N'Marco-polo', 30, 5, NULL)
INSERT [dbo].[BUS] ([NUMERO_PLACA], [ID_EMPRESA_BUS], [ID_CHOFER], [NUMERO_UNIDAD], [MARCA], [MODELO], [CAPACIDAD], [ESPACIOS_DISCAPACITADOS], [ESTADO]) VALUES (N'WER-987', N'1-1946-7345', NULL, N'02', N'Volvo', N'Marco-polo', 45, 5, NULL)
INSERT [dbo].[BUS] ([NUMERO_PLACA], [ID_EMPRESA_BUS], [ID_CHOFER], [NUMERO_UNIDAD], [MARCA], [MODELO], [CAPACIDAD], [ESPACIOS_DISCAPACITADOS], [ESTADO]) VALUES (N'ZXC-250', N'1-1946-7345', NULL, N'06', N'Mercedes-Benz', N'Marco-polo', 58, 10, NULL)


